city,district,postal_code,address,price_eur,living_area_sqm,rooms,floor,energy_efficiency_class,property_type
leipzig,Nordwest,04159,"Möckern, Nordwest (04159)",220000.0,87.0,3.0,3.0,,apartment
berlin,Friedrichshain-Kreuzberg,10243,"Friedrichshain, Friedrichshain-Kreuzberg (10243)",219000.0,38.0,1.0,3.0,C,apartment
leipzig,Nordwest,04159,"Wahren, Nordwest (04159)",89000.0,40.1,2.0,1.0,,apartment
leipzig,Nord,04155,"Gohlis-Süd, Nord (04155)",270000.0,98.7,4.0,,C,apartment
leipzig,Südost,04317,"Reudnitz-Thonberg, Südost (04317)",350000.0,79.0,3.0,4.0,B,apartment
leipzig,Nordwest,04158,"Lindenthal, Nordwest (04158)",135000.0,51.5,2.0,,D,apartment
hamburg,Altona,22587,"Blankenese, Altona (22587)",895000.0,92.0,3.0,,D,apartment
berlin,Mitte,10407,"Mitte, Mitte (10407)",980000.0,110.0,4.0,1.0,A,apartment
leipzig,Mitte,04105,"Zentrum-Nordwest, Mitte (04105)",329000.0,62.0,2.0,4.0,D,apartment
leipzig,Nord,04157,"Gohlis-Mitte, Nord (04157)",369000.0,93.4,2.0,,,apartment
berlin,Treptow-Köpenick,12555,"Köpenick, Treptow-Köpenick (12555)",399000.0,79.2,3.0,,C,apartment
hamburg,Nord,22335,"Fuhlsbüttel, Nord (22335)",185000.0,27.3,2.0,1.0,A,apartment
leipzig,Nordwest,04159,"Lützschena-Stahmeln, Nordwest (04159)",535000.0,90.0,3.0,,,apartment
hamburg,Mitte,20535,"Borgfelde, Mitte (20535)",325000.0,68.9,3.0,1.0,F,apartment
hamburg,Mitte,20457,"HafenCity, Mitte (20457)",890000.0,70.0,2.0,3.0,A,apartment
hamburg,Mitte,22111,"Horn, Mitte (22111)",149000.0,41.0,2.0,2.0,D,apartment
hamburg,Mitte,22119,"Billstedt, Mitte (22119)",298000.0,75.0,3.0,,D,apartment
leipzig,Südost,04317,"Reudnitz-Thonberg, Südost (04317)",205000.0,64.0,3.0,,B,apartment
berlin,Treptow-Köpenick,12557,"Köpenick, Treptow-Köpenick (12557)",300000.0,80.0,2.0,,E,apartment
berlin,Treptow-Köpenick,12555,"Köpenick, Treptow-Köpenick (12555)",215000.0,60.8,2.0,,,apartment
hamburg,Nord,22301,"Winterhude, Nord (22301)",419000.0,42.7,1.0,,E,apartment
hamburg,Nord,22303,"Winterhude, Nord (22303)",1245000.0,136.0,4.0,,C,apartment
leipzig,Nordwest,04159,"Möckern, Nordwest (04159)",350000.0,87.0,3.0,,A,apartment
hamburg,Mitte,20359,"St. Pauli, Mitte (20359)",779000.0,91.0,3.0,3.0,,apartment
berlin,Mitte,13347,"Wedding, Mitte (13347)",367000.0,59.8,2.0,,C,apartment
leipzig,Südost,04299,"Stötteritz, Südost (04299)",99000.0,33.1,1.0,1.0,,apartment
hamburg,Nord,22297,"Alsterdorf, Nord (22297)",900000.0,116.0,4.0,,A,house
leipzig,Nordwest,04159,"Wahren, Nordwest (04159)",59000.0,25.0,1.0,,,apartment
leipzig,Nordwest,04158,"Lindenthal, Nordwest (04158)",110000.0,61.0,3.0,2.0,D,apartment
leipzig,Nordwest,04159,"Möckern, Nordwest (04159)",490000.0,106.6,3.0,,B,apartment
leipzig,Mitte,04105,"Zentrum-Nordwest, Mitte (04105)",257000.0,75.9,3.0,,,apartment
berlin,Friedrichshain-Kreuzberg,10245,"Friedrichshain, Friedrichshain-Kreuzberg (10245)",1390000.0,136.0,4.0,,B,apartment
leipzig,Südost,04317,"Reudnitz-Thonberg, Südost (04317)",545000.0,174.7,6.0,,,apartment
leipzig,Nordwest,04159,"Möckern, Nordwest (04159)",815000.0,136.0,5.0,,B,apartment
hamburg,Wandsbek,22089,"Eilbek, Wandsbek (22089)",248000.0,59.0,2.0,5.0,B,apartment
hamburg,Wandsbek,22143,"Rahlstedt, Wandsbek (22143)",760000.0,114.0,4.0,,A,apartment
leipzig,Nordwest,04159,"Möckern, Nordwest (04159)",155000.0,67.0,3.0,,C,apartment
leipzig,Mitte,04105,"Zentrum-Nordwest, Mitte (04105)",419000.0,90.0,3.0,,C,apartment
berlin,Friedrichshain-Kreuzberg,10245,"Friedrichshain, Friedrichshain-Kreuzberg (10245)",212000.0,40.0,1.0,,,apartment
leipzig,Mitte,04105,"Zentrum-Nordwest, Mitte (04105)",470000.0,99.0,3.0,2.0,,apartment
berlin,Mitte,13359,"Gesundbrunnen, Mitte (13359)",267000.0,70.2,2.0,3.0,E,apartment
hamburg,Mitte,20099,"St. Georg, Mitte (20099)",642000.0,87.5,2.5,,,apartment
leipzig,Südost,04317,"Reudnitz-Thonberg, Südost (04317)",225000.0,68.4,2.0,3.0,,apartment
leipzig,Nordwest,04159,"Möckern, Nordwest (04159)",160000.0,64.3,2.0,3.0,E,apartment
hamburg,Nord,22299,"Winterhude, Nord (22299)",1195000.0,144.7,5.5,1.0,,apartment
berlin,Friedrichshain-Kreuzberg,10245,"Friedrichshain, Friedrichshain-Kreuzberg (10245)",516000.0,136.9,5.0,2.0,E,apartment
berlin,Mitte,10553,"Moabit, Mitte (10553)",479000.0,108.5,4.0,1.0,D,apartment
hamburg,Mitte,20359,"St. Pauli, Mitte (20359)",469000.0,61.0,2.0,1.0,D,apartment
hamburg,Mitte,20099,"St. Georg, Mitte (20099)",800000.0,108.2,3.0,5.0,C,apartment
hamburg,Nord,22335,"Fuhlsbüttel, Nord (22335)",239000.0,35.1,2.0,,A,apartment
leipzig,Nordwest,04159,"Lützschena-Stahmeln, Nordwest (04159)",245000.0,103.0,3.0,2.0,,apartment
hamburg,Wandsbek,22089,"Eilbek, Wandsbek (22089)",549000.0,72.0,3.0,1.0,E,apartment
berlin,Mitte,12053,"Mitte, Mitte (12053)",199000.0,36.8,1.0,,E,apartment
berlin,Mitte,10553,"Moabit, Mitte (10553)",230000.0,52.9,2.0,,D,apartment
hamburg,Mitte,20457,"HafenCity, Mitte (20457)",1100000.0,70.9,2.0,8.0,A,apartment
hamburg,Nord,22417,"Langenhorn, Nord (22417)",650000.0,129.4,3.0,,B,apartment
hamburg,Mitte,20535,"Borgfelde, Mitte (20535)",1350000.0,184.0,6.0,,E,apartment
berlin,Friedrichshain-Kreuzberg,10247,"Friedrichshain, Friedrichshain-Kreuzberg (10247)",203000.0,49.9,1.0,2.0,C,apartment
leipzig,Nordwest,04159,"Wahren, Nordwest (04159)",109000.0,45.0,1.0,1.0,C,apartment
berlin,Friedrichshain-Kreuzberg,10245,"Friedrichshain, Friedrichshain-Kreuzberg (10245)",430000.0,56.0,2.0,3.0,,apartment
leipzig,Nord,04129,"Eutritzsch, Nord (04129)",325000.0,104.8,4.0,,B,apartment
hamburg,Nord,22417,"Langenhorn, Nord (22417)",599000.0,123.0,4.0,,D,apartment
leipzig,Nord,04157,"Gohlis-Mitte, Nord (04157)",115000.0,43.5,1.5,3.0,C,apartment
berlin,Friedrichshain-Kreuzberg,10247,"Friedrichshain, Friedrichshain-Kreuzberg (10247)",218000.0,48.9,1.5,2.0,C,apartment
leipzig,Nord,04129,"Eutritzsch, Nord (04129)",350000.0,95.0,4.0,,,apartment
hamburg,Mitte,21107,"Wilhelmsburg, Mitte (21107)",295000.0,63.0,2.0,2.0,,apartment
hamburg,Wandsbek,22399,"Lemsahl-Mellingstedt, Wandsbek (22399)",799000.0,129.0,4.0,,C,apartment
hamburg,Mitte,20097,"Hammerbrook, Mitte (20097)",550000.0,85.0,4.0,3.0,D,apartment
berlin,Mitte,10551,"Moabit, Mitte (10551)",189000.0,35.0,1.0,2.0,E,apartment
hamburg,Mitte,20459,"Neustadt, Mitte (20459)",615000.0,77.0,3.0,1.0,E,house
berlin,Mitte,13359,"Gesundbrunnen, Mitte (13359)",199000.0,51.6,1.0,,E,apartment
berlin,Mitte,10553,"Moabit, Mitte (10553)",216000.0,42.8,1.0,1.0,D,apartment
leipzig,Mitte,04105,"Zentrum-Nordwest, Mitte (04105)",278000.0,90.0,3.0,,D,apartment
berlin,Mitte,13359,"Gesundbrunnen, Mitte (13359)",332000.0,64.5,2.0,,E,apartment
leipzig,Nordwest,04159,"Wahren, Nordwest (04159)",221000.0,85.1,3.0,,,apartment
hamburg,Nord,22299,"Winterhude, Nord (22299)",149000.0,23.7,1.0,,G,apartment
hamburg,Nord,22419,"Langenhorn, Nord (22419)",170000.0,47.0,1.0,,E,apartment
leipzig,Südost,04288,"Holzhausen, Südost (04288)",460000.0,191.8,5.0,2.0,C,house
hamburg,Mitte,20097,"St. Georg, Mitte (20097)",449000.0,62.2,2.0,1.0,D,apartment
berlin,Friedrichshain-Kreuzberg,10243,"Friedrichshain, Friedrichshain-Kreuzberg (10243)",370000.0,103.1,3.0,3.0,D,apartment
hamburg,Altona,22761,"Bahrenfeld, Altona (22761)",1180000.0,176.0,5.0,4.0,C,apartment
hamburg,Nord,22303,"Winterhude, Nord (22303)",698000.0,54.0,2.0,,C,apartment
hamburg,Mitte,20359,"St. Pauli, Mitte (20359)",649000.0,70.0,3.0,3.0,C,apartment
hamburg,Eimsbüttel,20146,"Rotherbaum, Eimsbüttel (20146)",1980000.0,248.0,7.0,5.0,E,apartment
berlin,Mitte,10557,"Moabit, Mitte (10557)",799000.0,153.0,5.0,5.0,G,apartment
berlin,Friedrichshain-Kreuzberg,10243,"Friedrichshain, Friedrichshain-Kreuzberg (10243)",429000.0,71.4,3.0,,C,apartment
berlin,Treptow-Köpenick,12489,"Adlershof, Treptow-Köpenick (12489)",189000.0,38.2,1.0,4.0,D,apartment
hamburg,Mitte,21107,"Wilhelmsburg, Mitte (21107)",209000.0,40.0,2.0,,F,apartment
hamburg,Nord,22299,"Winterhude, Nord (22299)",1750000.0,139.2,3.0,2.0,,apartment
leipzig,Nordwest,04159,"Wahren, Nordwest (04159)",157000.0,61.3,2.0,2.0,D,apartment
hamburg,Altona,22607,"Groß Flottbek, Altona (22607)",579000.0,88.0,3.0,4.0,E,apartment
berlin,Friedrichshain-Kreuzberg,10245,"Friedrichshain, Friedrichshain-Kreuzberg (10245)",730000.0,84.0,3.0,6.0,,apartment
hamburg,Eimsbüttel,20146,"Rotherbaum, Eimsbüttel (20146)",1500000.0,171.0,6.0,,E,apartment
leipzig,Mitte,04105,"Zentrum-Nordwest, Mitte (04105)",99000.0,18.0,1.0,2.0,,apartment
berlin,Mitte,13359,"Gesundbrunnen, Mitte (13359)",242000.0,64.3,2.0,3.0,E,apartment
leipzig,Südost,04299,"Stötteritz, Südost (04299)",199000.0,53.0,2.0,5.0,D,apartment
berlin,Mitte,10553,"Moabit, Mitte (10553)",210000.0,42.0,1.0,3.0,F,apartment
leipzig,Nord,04155,"Gohlis-Mitte, Nord (04155)",160000.0,50.9,2.0,,,apartment
berlin,Mitte,10115,"Mitte, Mitte (10115)",498000.0,53.0,1.0,,,apartment
berlin,Friedrichshain-Kreuzberg,10249,"Friedrichshain, Friedrichshain-Kreuzberg (10249)",189000.0,32.9,1.0,3.0,D,apartment
berlin,Treptow-Köpenick,12557,"Köpenick, Treptow-Köpenick (12557)",170000.0,45.0,2.0,,D,apartment
berlin,Treptow-Köpenick,12459,"Oberschöneweide, Treptow-Köpenick (12459)",299000.0,72.9,2.0,1.0,D,apartment
berlin,Mitte,10963,"Tiergarten, Mitte (10963)",515000.0,59.1,2.0,5.0,D,apartment
hamburg,Mitte,21107,"Wilhelmsburg, Mitte (21107)",375000.0,77.0,3.0,2.0,,apartment
hamburg,Mitte,20457,"HafenCity, Mitte (20457)",880000.0,60.0,2.0,8.0,B,apartment
berlin,Friedrichshain-Kreuzberg,10249,"Friedrichshain, Friedrichshain-Kreuzberg (10249)",195000.0,33.0,1.0,,C,apartment
hamburg,Nord,22085,"Uhlenhorst, Nord (22085)",2499000.0,176.0,5.0,,B,apartment
leipzig,Mitte,04105,"Zentrum-Nordwest, Mitte (04105)",799000.0,151.0,4.0,1.0,D,apartment
berlin,Treptow-Köpenick,12489,"Adlershof, Treptow-Köpenick (12489)",195000.0,60.4,2.0,2.0,C,apartment
berlin,Friedrichshain-Kreuzberg,10245,"Friedrichshain, Friedrichshain-Kreuzberg (10245)",600000.0,77.9,3.0,5.0,D,apartment
berlin,Friedrichshain-Kreuzberg,10245,"Friedrichshain, Friedrichshain-Kreuzberg (10245)",799000.0,106.3,3.0,,C,apartment
berlin,Mitte,13359,"Gesundbrunnen, Mitte (13359)",277000.0,73.3,2.0,2.0,E,apartment
leipzig,Nord,04155,"Gohlis-Süd, Nord (04155)",680000.0,140.0,5.0,,,apartment
leipzig,Nordwest,04159,"Wahren, Nordwest (04159)",129000.0,55.0,2.0,2.0,B,apartment
berlin,Friedrichshain-Kreuzberg,10247,"Friedrichshain, Friedrichshain-Kreuzberg (10247)",229000.0,47.0,1.0,,C,apartment
berlin,Friedrichshain-Kreuzberg,10247,"Friedrichshain, Friedrichshain-Kreuzberg (10247)",869000.0,109.0,3.0,5.0,C,apartment
berlin,Mitte,10559,"Moabit, Mitte (10559)",179000.0,33.0,1.0,,E,apartment
leipzig,Mitte,04105,"Zentrum-Nordwest, Mitte (04105)",170000.0,53.0,2.0,3.0,,apartment
berlin,Mitte,10557,"Moabit, Mitte (10557)",149000.0,43.0,1.0,2.0,D,apartment
berlin,Mitte,10557,"Hansaviertel, Mitte (10557)",835000.0,121.0,3.0,,D,apartment
hamburg,Altona,22767,"Altona-Altstadt, Altona (22767)",599000.0,80.0,3.0,4.0,,apartment
leipzig,Mitte,04105,"Zentrum-Nordwest, Mitte (04105)",330000.0,116.0,3.0,,,apartment
hamburg,Altona,22609,"Nienstedten, Altona (22609)",1650000.0,147.8,3.0,,A,apartment
hamburg,Mitte,20099,"St. Georg, Mitte (20099)",1498000.0,151.0,5.0,2.0,B,apartment
berlin,Mitte,10555,"Moabit, Mitte (10555)",300000.0,77.8,3.0,1.0,E,apartment
berlin,Mitte,10553,"Moabit, Mitte (10553)",450000.0,80.0,2.0,4.0,C,apartment
leipzig,Nordwest,04159,"Möckern, Nordwest (04159)",398000.0,121.0,4.0,,,apartment
berlin,Friedrichshain-Kreuzberg,10249,"Friedrichshain, Friedrichshain-Kreuzberg (10249)",650000.0,80.0,3.0,3.0,D,apartment
leipzig,Nordwest,04159,"Lützschena-Stahmeln, Nordwest (04159)",495000.0,90.0,3.0,,,apartment
leipzig,Nord,04155,"Gohlis-Süd, Nord (04155)",237000.0,62.0,2.0,,D,apartment
leipzig,Mitte,04105,"Zentrum-Nordwest, Mitte (04105)",999000.0,145.5,4.0,2.0,,apartment
leipzig,Südost,04299,"Stötteritz, Südost (04299)",198000.0,74.0,3.0,3.0,,apartment
leipzig,Südost,04299,"Stötteritz, Südost (04299)",259000.0,63.0,2.0,1.0,C,apartment
hamburg,Mitte,20099,"St. Georg, Mitte (20099)",640000.0,100.0,4.0,,,apartment
leipzig,Nord,04157,"Gohlis-Mitte, Nord (04157)",328000.0,91.0,3.0,1.0,,apartment
leipzig,Nordwest,04159,"Möckern, Nordwest (04159)",165000.0,61.0,2.0,1.0,,apartment
hamburg,Mitte,22117,"Billstedt, Mitte (22117)",310000.0,70.0,3.5,,,apartment
berlin,Mitte,10559,"Moabit, Mitte (10559)",182000.0,37.0,1.0,4.0,D,apartment
berlin,Mitte,13359,"Gesundbrunnen, Mitte (13359)",258000.0,56.0,1.0,4.0,E,apartment
leipzig,Südost,04299,"Stötteritz, Südost (04299)",488000.0,148.0,5.0,,D,apartment
hamburg,Eimsbüttel,20255,"Eimsbüttel, Eimsbüttel (20255)",628000.0,70.0,3.0,3.0,,apartment
leipzig,Mitte,04105,"Zentrum-Nordwest, Mitte (04105)",1120000.0,165.6,5.0,,,apartment
hamburg,Mitte,20099,"St. Georg, Mitte (20099)",779000.0,126.0,5.0,3.0,,apartment
hamburg,Mitte,20457,"HafenCity, Mitte (20457)",1050000.0,68.0,2.0,8.0,B,apartment
leipzig,Nord,04155,"Gohlis-Süd, Nord (04155)",950000.0,140.0,5.0,1.0,,apartment
berlin,Mitte,10551,"Moabit, Mitte (10551)",729000.0,110.0,3.0,5.0,D,apartment
hamburg,Mitte,20457,"HafenCity, Mitte (20457)",745000.0,47.0,1.0,8.0,B,apartment
leipzig,Nordwest,04159,"Möckern, Nordwest (04159)",295000.0,90.0,4.0,1.0,C,apartment
hamburg,Altona,22763,"Ottensen, Altona (22763)",1990000.0,166.0,4.0,1.0,C,apartment
leipzig,Nordwest,04159,"Möckern, Nordwest (04159)",190000.0,83.4,3.5,3.0,C,apartment
berlin,Friedrichshain-Kreuzberg,10247,"Friedrichshain, Friedrichshain-Kreuzberg (10247)",284000.0,37.6,1.0,1.0,C,apartment
berlin,Treptow-Köpenick,12524,"Altglienicke, Treptow-Köpenick (12524)",312000.0,73.7,3.0,,C,apartment
leipzig,Nordwest,04159,"Möckern, Nordwest (04159)",230000.0,59.0,3.0,1.0,A,apartment
berlin,Mitte,10115,"Mitte, Mitte (10115)",335000.0,48.5,2.0,,C,apartment
hamburg,Nord,22299,"Winterhude, Nord (22299)",335000.0,45.0,2.5,,G,apartment
leipzig,Nordwest,04159,"Wahren, Nordwest (04159)",119000.0,55.0,2.0,1.0,,apartment
berlin,Friedrichshain-Kreuzberg,10243,"Friedrichshain, Friedrichshain-Kreuzberg (10243)",395000.0,91.4,3.0,2.0,D,apartment
hamburg,Mitte,20535,"Hamm, Mitte (20535)",399000.0,75.0,3.0,,D,apartment
berlin,Mitte,10553,"Moabit, Mitte (10553)",155000.0,32.0,1.0,3.0,D,apartment
berlin,Friedrichshain-Kreuzberg,10247,"Friedrichshain, Friedrichshain-Kreuzberg (10247)",175000.0,48.2,1.0,1.0,C,apartment
berlin,Mitte,10179,"Mitte, Mitte (10179)",699000.0,83.6,3.0,3.0,B,apartment
berlin,Mitte,10551,"Moabit, Mitte (10551)",720000.0,279.0,,5.0,D,apartment
hamburg,Nord,22081,"Barmbek-Süd, Nord (22081)",1149000.0,129.0,4.0,4.0,B,apartment
berlin,Treptow-Köpenick,12489,"Adlershof, Treptow-Köpenick (12489)",525000.0,118.0,4.0,,C,apartment
leipzig,Südost,04299,"Stötteritz, Südost (04299)",440000.0,122.0,2.0,,C,apartment
leipzig,Mitte,04105,"Zentrum-Nordwest, Mitte (04105)",265000.0,60.0,2.0,1.0,C,apartment
hamburg,Mitte,20359,"St. Pauli, Mitte (20359)",679000.0,65.3,4.0,2.0,C,apartment
leipzig,Nordwest,04159,"Wahren, Nordwest (04159)",60000.0,26.9,1.0,,,apartment
berlin,Mitte,10559,"Moabit, Mitte (10559)",777000.0,135.0,4.0,5.0,D,apartment
hamburg,Nord,22415,"Langenhorn, Nord (22415)",170000.0,48.6,2.0,,E,apartment
hamburg,Nord,22299,"Winterhude, Nord (22299)",660000.0,84.0,3.0,1.0,F,apartment
hamburg,Wandsbek,22359,"Volksdorf, Wandsbek (22359)",475000.0,56.7,2.0,,,apartment
berlin,Treptow-Köpenick,12587,"Friedrichshagen, Treptow-Köpenick (12587)",399000.0,119.0,4.0,1.0,C,apartment
leipzig,Südost,04317,"Reudnitz-Thonberg, Südost (04317)",265000.0,81.2,3.0,5.0,,apartment
hamburg,Mitte,20099,"St. Georg, Mitte (20099)",190000.0,50.0,1.5,,,apartment
hamburg,Nord,22335,"Fuhlsbüttel, Nord (22335)",240000.0,37.3,2.0,1.0,A,apartment
leipzig,Südost,04299,"Stötteritz, Südost (04299)",135000.0,62.0,2.0,2.0,,apartment
hamburg,Nord,22299,"Winterhude, Nord (22299)",930000.0,102.9,4.0,,E,apartment
berlin,Mitte,10557,"Moabit, Mitte (10557)",1700000.0,210.0,7.0,2.0,B,apartment
leipzig,Nord,04155,"Gohlis-Süd, Nord (04155)",740000.0,111.8,3.0,1.0,,apartment
